title,company,salary,description,jobs_link
Assistant Project Manager (NSW),NS Projects Pty Ltd,,,https://www.seek.com.au//job/54123501
Business Administrator / Office Manager,Fire Systems Products Pty Ltd,,,https://www.seek.com.au//job/54176306
Junior Project Manager,City Cave,"$90,000 - $110,000 plus superannuation",Join an industry leading brands for an exciting new role; Supportive work environment with career progression opportunities; Amazing staff discounts and wellbeing program,https://www.seek.com.au//job/54124749
Project Coordinator / Junior Project Manager,Ampersand International,,,https://www.seek.com.au//job/54098437
Junior Cyber Security Specialist,CAE Australia,,,https://www.seek.com.au//job/54131679
Junior Project Manager - Sydney,AYAN INFOTECH PTY LTD,,,https://www.seek.com.au//job/54093994
Construction Cadet,Spartan Steel,,,https://www.seek.com.au//job/54160196
Junior Property Project Manager - 3 month Contract,craveable brands,,,https://www.seek.com.au//job/54146497
Junior Product Owner,Employment Hero,,,https://www.seek.com.au//job/54161867
Junior/Business Analyst - Procurement,Hays Technology,,,https://www.seek.com.au//job/54132160
Assistant / Junior Project Manager - Client Side Consultancy,Hart Recruitment,,,https://www.seek.com.au//job/54071412
Contracts Administrator/Junior PM,Stream Consulting Group,,,https://www.seek.com.au//job/54176232
Cadet,GARTNER ROSE PTY LTD,,,https://www.seek.com.au//job/54168016
ASSISTANT PROJECT MANAGER,Currie and Brown,,,https://www.seek.com.au//job/54163935
Junior Project coordinator / administrator,Top Steel Solutions,,,https://www.seek.com.au//job/54105892
Junior Project Manager,Motion Recruitment,$100 - $120/hour,6 month Contract; Junior PM / Project Coordinator position; Open to experienced PC or BA candidates,https://www.seek.com.au//job/54014545
Junior Estimator / CA - Construction,Howard Recruitment,,,https://www.seek.com.au//job/54165616
Construction Cadet,Veracity Talent Solutions,"$50,000 - $60,000 + Super","Cadet - salary between $50k - $60k + Super; 80% Commercial projects and 20% Luxury Residential projects; Mentored by Director, Construction Manager and supportive management team",https://www.seek.com.au//job/54072714
Project Manager,Avant Mutual Group,,,https://www.seek.com.au//job/54090185
Project Manager,Atom Resources,$130000,Huge pipeline of work; Flexible working arrangements; Long term career opportunity with successful established business,https://www.seek.com.au//job/54100543
Junior Project Manager (Client-Side),ACRWORLD,"$65,000 - $80,000 incl Super","Projects include residential, education, fit out, healthcare & retirement living; Excellent career development opportunities; Flexible working arrangements",https://www.seek.com.au//job/54073842
Junior Estimator,Stream Consulting Group,,,https://www.seek.com.au//job/54148776
Scheduler Reinforcing Steel,ReoSteel,,,https://www.seek.com.au//job/54116238
Business Administrator / Office Manager,Fire Systems Products Pty Ltd,,,https://www.seek.com.au//job/54176306
Junior Project Manager | Signage,Apex Signage Pty Ltd,,,https://www.seek.com.au//job/54087834
Junior Contracts Administrator,Rogers Construction Group,,,https://www.seek.com.au//job/54060059
Operations Project Manager,Aon Corporation,,,https://www.seek.com.au//job/54130559
Junior Safety Coordinator,Spring Professional Ltd,,,https://www.seek.com.au//job/54085206
Junior Estimator,MDF Group,,,https://www.seek.com.au//job/54153218
Junior Contracts Administrator,Design & Build,,,https://www.seek.com.au//job/54072656
Administrative Assistants,Yipose Trading Co,"$45,000 - $59,999",Well-Established Company; Attractive Salary Packaging; On site parking,https://www.seek.com.au//job/54110315
Assistant Project Manager (NSW),NS Projects Pty Ltd,,,https://www.seek.com.au//job/54123501
Assistant Project Manager/Project Manager: Client-side - Major Projects,Ascension Talent,,,https://www.seek.com.au//job/54106239
Administration Assistant,George Walker and Son,,,https://www.seek.com.au//job/54163264
Project Manager - NSW,Intrec Management Pty Limited,,,https://www.seek.com.au//job/54082644
Junior Estimator,Dynamic Modular Constructions,,,https://www.seek.com.au//job/54088309
Project Coordinator,Cushman & Wakefield,,,https://www.seek.com.au//job/54144392
Project Manager,Redpath Partners Pty Ltd,$130-160k package,Client-Side Project Management; National client Side PM consultancy with offices all over Australia; Aged care project team,https://www.seek.com.au//job/54088488
Junior Product Owner,FIRESOFT People,,,https://www.seek.com.au//job/54092134
Project Coordinator/Junior PM - Crypto/Blockchain,Sydney,,,https://www.seek.com.au//job/54081032
Junior Estimator,Harbour City Roofing,,,https://www.seek.com.au//job/54083589
Senior Project Manager,Glue Executive,,,https://www.seek.com.au//job/54132513
Junior Change Manager,FutureYou,,,https://www.seek.com.au//job/54149639
Delivery Manager,Peoplebank Australia NSW,,,https://www.seek.com.au//job/54107139
Civil Works Estimator,KK Civil Engineering,"$80,000 - $94,999",Well established company; Full time position; Great working environment,https://www.seek.com.au//job/54163699
PROJECT ADMINISTRATOR,Baseline Projects Pty Ltd,,,https://www.seek.com.au//job/54171683
Junior Estimator,Stratco,,,https://www.seek.com.au//job/54086755
Junior Auditor,Stone Recruitment Pty Ltd,,,https://www.seek.com.au//job/54138746
PROJECT ADMINISTRATOR,Baseline Projects Pty Ltd,,,https://www.seek.com.au//job/54171683
Office Administrative Assistant,Liskowski Architects,,,https://www.seek.com.au//job/54110566
Project Coordinator,The Network,,,https://www.seek.com.au//job/54140009
Assistant Project Manager,JLL,,,https://www.seek.com.au//job/54063618
Industrial Designer – Junior – Packaging & Displays,The Cutting Edge,"$60,000 - $75,000",Work with a small team of passionate people.; Make an impact in a pivotal organisational role.,https://www.seek.com.au//job/54113391
Admin Assistant,House to Home Finishes Pty Limited,,,https://www.seek.com.au//job/54095203
Junior Project Manager - New Build Schools - Smeaton Grange,Sydney,,,https://www.seek.com.au//job/53819189
Junior Operation Officer /Procurement Officer,Sydney,,,https://www.seek.com.au//job/54170044
Project Coordinator,Ashdown People,,,https://www.seek.com.au//job/54087579
Project Coordinator,ecareer employment services,,,https://www.seek.com.au//job/54104553
Project Manager,Stream Consulting Group,,,https://www.seek.com.au//job/54073330
Junior HR and Talent Acquisition Manager,Eco Concepts Australia Pty Ltd (Eco Outdoor),,,https://www.seek.com.au//job/54104432
SaaS Implementation Project Manager,Employment Hero,,,https://www.seek.com.au//job/53980369
Junior Estimator - Commercial Construction,Carfax Commercial Constructions Pty Ltd,,,https://www.seek.com.au//job/54070363
Project Manager (Property Development),Valquest,,,https://www.seek.com.au//job/54021274
Building Cadet,Steve-Watt Constructions Pty Ltd,,,https://www.seek.com.au//job/53970722
Senior Project Coordinator,Quay Consulting Pty Ltd.,,,https://www.seek.com.au//job/54102611
Junior Marketing Manager l Bondi Beach,SapphireOne Pty Ltd,,,https://www.seek.com.au//job/54110785
Business Administrator / Office Manager,Fire Systems Products Pty Ltd,,,https://www.seek.com.au//job/54176306
Estimator Residential Renovations,Family Home Designers & Builders,,,https://www.seek.com.au//job/54093085
Contract Administrator (Cadet / Junior),Western Sydney Constructions,,,https://www.seek.com.au//job/53936162
Junior Interior Designer | Sydney Design Studio |,Sydney,,,https://www.seek.com.au//job/54068845
Junior Site Engineer / Site Coordinator,Alliance Project Group Pty Ltd,,,https://www.seek.com.au//job/53945399
Project Manager,Capstone Recruitment Group Pty Ltd,$550 - $600/day + super,$600/day + super; Based in Sydney CBD/WFH; Initial 6 month contract with potential to extend,https://www.seek.com.au//job/53999438
Junior Database Administrator,Modular Walls,,,https://www.seek.com.au//job/54032773
Videographer - Junior,Australian Internet Advertising,"$60,000 - $79,999",Play a major role in creating the new in- house video production unit at AIA; Set up the in house studio with the tools you most prefer; Independent creative role supported by the team and the CEO,https://www.seek.com.au//job/54034700
Junior Payroll & Accounts,Niche 212,,,https://www.seek.com.au//job/54016364
Business Analyst,Macquarie Group Limited,,,https://www.seek.com.au//job/54132372
Project Coordinator,Ampol Limited,Great salary + 25% fuel discount card,Career development for an experienced Project Coordinator; Alexandria NSW 2015 (with working from home options); Join a “people first” culture at Ampol Australia,https://www.seek.com.au//job/54171575
Marketing and Sales Associate [JUNIOR ROLE],Motrex Australia,,,https://www.seek.com.au//job/54080871
Project Coordinator,Utech Pty Ltd,,,https://www.seek.com.au//job/54143661
Project Administrator,MacDonald Contracting Pty Ltd,,,https://www.seek.com.au//job/54119709
Business Support Officer - Part Time,RPS,,,https://www.seek.com.au//job/54145792
Project Manager/Assistant PM,DJL Project Management Pty Ltd,,,https://www.seek.com.au//job/54021395
Project Manager,Redpath Partners Pty Ltd,$160-180k,"Client side project manager for a large Australian owned private developer; Sectors: Commercial, Residential, Industrial and Retail; Innovative and progressive culture and working environment",https://www.seek.com.au//job/54002997
Admin Assistant,Robert Walters,,,https://www.seek.com.au//job/54048733
Project Coordinator - Client Side Project Management Consultancy,Sydney,,,https://www.seek.com.au//job/53981975
Junior Technical Business Analyst,NTT Ltd,,,https://www.seek.com.au//job/53951282
Project Coordinator,Siren Design Group Pty Ltd,,,https://www.seek.com.au//job/54089436
Project Coordinator,Now Careers Pty Ltd,65-75k plus super,Well established client base with consistent project pipeline; Long term career prospects; Proud inclusive company culture,https://www.seek.com.au//job/54067306
Scheduler Reinforcing Steel,ReoSteel,,,https://www.seek.com.au//job/54116238
Project Engineer,Ground King Civil Pty Ltd,"$100,000 - $119,999",Site localities within the greater Sydney region; Career progression; Experience on a wide variety or projects,https://www.seek.com.au//job/53815124
Contracts Administrator/Junior PM,Stream Consulting Group,,,https://www.seek.com.au//job/53976392
Construction Cadet,Sense Projects Pty Ltd,,,https://www.seek.com.au//job/53987603
Project Manager,NTT Ltd,,,https://www.seek.com.au//job/53956173
Technical Business Analyst - Junior - Mid-Level,Clicks IT Recruitment,,,https://www.seek.com.au//job/53967668
Junior Project Manager/Contracts Administrator,Oberon Construction,"$65,000 - $85,000",Opportunity to join a young and dynamic team; Competitive salary & benefits; Great opportunity for growth with upcoming projects,https://www.seek.com.au//job/53883884
Project Administrator / Controller,SMEC,,,https://www.seek.com.au//job/54112553
Project Manager,Cushman & Wakefield,,,https://www.seek.com.au//job/53993787
Junior Business Analyst,Relationships Australia NSW,,,https://www.seek.com.au//job/53952111
"Project Manager, Growing Client Side Consultancy - Residential",Davies Ross Consulting Pty Ltd,,,https://www.seek.com.au//job/54006281
"Office All Rounder, Admin, Accounts",The Australian Natural Beauty Co,,,https://www.seek.com.au//job/54151028
Project Coordinator,Precision Medical,,,https://www.seek.com.au//job/54082574
Client Side- Junior Project Manager - Residential and aged care,Coleman Recruitment,,,https://www.seek.com.au//job/53909688
Project Coordinator,Capstone Recruitment Group Pty Ltd,,,https://www.seek.com.au//job/54087178
"Junior Estimator, Contracts Administrator and Trade Allocator",Bungalow Homes,,,https://www.seek.com.au//job/53980152
"Telecommunications, Information Technology Radio Engineer / Project Manager",SAT Pty Ltd,,,https://www.seek.com.au//job/54060192
Project Support Officer,Hays Office Support,,,https://www.seek.com.au//job/54152498
Project Administrator,Charterhouse,,,https://www.seek.com.au//job/54130283
Junior Site Engineer,Parkview Constructions Pty Ltd,,,https://www.seek.com.au//job/54019641
Junior Project Manager,Denovo Recruitment,,,https://www.seek.com.au//job/53794102
Project Coordinator,Talent – SEEK Recruitment Agency of the Year | 7 Time Winner,,,https://www.seek.com.au//job/54106769
